<?xml version="1.0" encoding="UTF-8"?>
<beans xmlns="http://www.springframework.org/schema/beans"
	xmlns:xsi="http://www.w3.org/2001/XMLSchema-instance" xmlns:p="http://www.springframework.org/schema/p"
	xmlns:context="http://www.springframework.org/schema/context"
	xmlns:mvc="http://www.springframework.org/schema/mvc"
	xsi:schemaLocation="http://www.springframework.org/schema/beans http://www.springframework.org/schema/beans/spring-beans.xsd
        http://www.springframework.org/schema/mvc http://www.springframework.org/schema/mvc/spring-mvc-4.0.xsd
        http://www.springframework.org/schema/context http://www.springframework.org/schema/context/spring-context.xsd">

	<context:component-scan base-package="com.ht.weichat" />
	<mvc:annotation-driven />
	<bean
		class="org.springframework.web.servlet.view.InternalResourceViewResolver">
		<property name="prefix" value="/WEB-INF/jsp/" />
		<property name="suffix" value=".jsp" />
	</bean>

	<!-- 资源映射 -->
	<mvc:resources location="/css/" mapping="/css/**"/>
	<mvc:resources location="/js/" mapping="/js/**"/>
	<mvc:resources location="/img/" mapping="/img/**"/>

    <!-- 定义文件上传解析器 -->
    <bean id="multipartResolver"
          class="org.springframework.web.multipart.commons.CommonsMultipartResolver">
        <!-- 设定默认编码 -->
        <property name="defaultEncoding" value="UTF-8"></property>
        <!-- 设定文件上传的最大值5MB，5*1024*1024 -->
        <property name="maxUploadSize" value="5242880"></property>
    </bean>

    <mvc:interceptors>
        <mvc:interceptor>
            <mvc:mapping path="/item/**"/>
            <mvc:mapping path="/banner/**"/>
            <mvc:mapping path="/type/**"/>
            <mvc:mapping path="/home"/>
            <bean class="com.ht.weichat.interceptor.LoginInterceptor" />
        </mvc:interceptor>
    </mvc:interceptors>
</beans>