<?xml version="1.0" encoding="UTF-8" ?>
<!DOCTYPE mapper PUBLIC "-//mybatis.org//DTD Mapper 3.0//EN" "http://mybatis.org/dtd/mybatis-3-mapper.dtd" >
<mapper namespace="com.ht.weichat.mapper.TbArticleMapper" >
  <resultMap id="BaseResultMap" type="com.ht.weichat.pojo.TbArticle" >
    <id column="id" property="id" jdbcType="INTEGER" />
    <result column="pid" property="pid" jdbcType="INTEGER" />
    <result column="imgUrl" property="imgurl" jdbcType="VARCHAR" />
    <result column="title" property="title" jdbcType="VARCHAR" />
    <result column="toUrl" property="tourl" jdbcType="VARCHAR" />
    <result column="weight" property="weight" jdbcType="INTEGER" />
    <result column="isBanner" property="isbanner" jdbcType="BIT" />
    <result column="updatTime" property="updattime" jdbcType="TIMESTAMP" />
    <result column="creatTime" property="creattime" jdbcType="TIMESTAMP" />
  </resultMap>
  <resultMap id="ResultMapWithBLOBs" type="com.ht.weichat.pojo.TbArticle" extends="BaseResultMap" >
    <result column="content" property="content" jdbcType="LONGVARCHAR" />
  </resultMap>
  <sql id="Example_Where_Clause" >
    <where >
      <foreach collection="oredCriteria" item="criteria" separator="or" >
        <if test="criteria.valid" >
          <trim prefix="(" suffix=")" prefixOverrides="and" >
            <foreach collection="criteria.criteria" item="criterion" >
              <choose >
                <when test="criterion.noValue" >
                  and ${criterion.condition}
                </when>
                <when test="criterion.singleValue" >
                  and ${criterion.condition} #{criterion.value}
                </when>
                <when test="criterion.betweenValue" >
                  and ${criterion.condition} #{criterion.value} and #{criterion.secondValue}
                </when>
                <when test="criterion.listValue" >
                  and ${criterion.condition}
                  <foreach collection="criterion.value" item="listItem" open="(" close=")" separator="," >
                    #{listItem}
                  </foreach>
                </when>
              </choose>
            </foreach>
          </trim>
        </if>
      </foreach>
    </where>
  </sql>
  <sql id="Update_By_Example_Where_Clause" >
    <where >
      <foreach collection="example.oredCriteria" item="criteria" separator="or" >
        <if test="criteria.valid" >
          <trim prefix="(" suffix=")" prefixOverrides="and" >
            <foreach collection="criteria.criteria" item="criterion" >
              <choose >
                <when test="criterion.noValue" >
                  and ${criterion.condition}
                </when>
                <when test="criterion.singleValue" >
                  and ${criterion.condition} #{criterion.value}
                </when>
                <when test="criterion.betweenValue" >
                  and ${criterion.condition} #{criterion.value} and #{criterion.secondValue}
                </when>
                <when test="criterion.listValue" >
                  and ${criterion.condition}
                  <foreach collection="criterion.value" item="listItem" open="(" close=")" separator="," >
                    #{listItem}
                  </foreach>
                </when>
              </choose>
            </foreach>
          </trim>
        </if>
      </foreach>
    </where>
  </sql>
  <sql id="Base_Column_List" >
    id, pid, imgUrl, title, toUrl, weight, isBanner, updatTime, creatTime
  </sql>
  <sql id="Blob_Column_List" >
    content
  </sql>
  <select id="selectByExampleWithBLOBs" resultMap="ResultMapWithBLOBs" parameterType="com.ht.weichat.pojo.TbArticleExample" >
    select
    <if test="distinct" >
      distinct
    </if>
    <include refid="Base_Column_List" />
    ,
    <include refid="Blob_Column_List" />
    from tb_article
    <if test="_parameter != null" >
      <include refid="Example_Where_Clause" />
    </if>
    <if test="orderByClause != null" >
      order by ${orderByClause}
    </if>
  </select>
  <select id="selectByExample" resultMap="BaseResultMap" parameterType="com.ht.weichat.pojo.TbArticleExample" >
    select
    <if test="distinct" >
      distinct
    </if>
    <include refid="Base_Column_List" />
    from tb_article
    <if test="_parameter != null" >
      <include refid="Example_Where_Clause" />
    </if>
    <if test="orderByClause != null" >
      order by ${orderByClause}
    </if>
  </select>
  <select id="selectByPrimaryKey" resultMap="ResultMapWithBLOBs" parameterType="java.lang.Integer" >
    select 
    <include refid="Base_Column_List" />
    ,
    <include refid="Blob_Column_List" />
    from tb_article
    where id = #{id,jdbcType=INTEGER}
  </select>
  <delete id="deleteByPrimaryKey" parameterType="java.lang.Integer" >
    delete from tb_article
    where id = #{id,jdbcType=INTEGER}
  </delete>
  <delete id="deleteByExample" parameterType="com.ht.weichat.pojo.TbArticleExample" >
    delete from tb_article
    <if test="_parameter != null" >
      <include refid="Example_Where_Clause" />
    </if>
  </delete>
  <insert id="insert" parameterType="com.ht.weichat.pojo.TbArticle" >
    insert into tb_article (id, pid, imgUrl, 
      title, toUrl, weight, 
      isBanner, updatTime, creatTime, 
      content)
    values (#{id,jdbcType=INTEGER}, #{pid,jdbcType=INTEGER}, #{imgurl,jdbcType=VARCHAR}, 
      #{title,jdbcType=VARCHAR}, #{tourl,jdbcType=VARCHAR}, #{weight,jdbcType=INTEGER}, 
      #{isbanner,jdbcType=BIT}, #{updattime,jdbcType=TIMESTAMP}, #{creattime,jdbcType=TIMESTAMP}, 
      #{content,jdbcType=LONGVARCHAR})
  </insert>
  <insert id="insertSelective" parameterType="com.ht.weichat.pojo.TbArticle" >
    insert into tb_article
    <trim prefix="(" suffix=")" suffixOverrides="," >
      <if test="id != null" >
        id,
      </if>
      <if test="pid != null" >
        pid,
      </if>
      <if test="imgurl != null" >
        imgUrl,
      </if>
      <if test="title != null" >
        title,
      </if>
      <if test="tourl != null" >
        toUrl,
      </if>
      <if test="weight != null" >
        weight,
      </if>
      <if test="isbanner != null" >
        isBanner,
      </if>
      <if test="updattime != null" >
        updatTime,
      </if>
      <if test="creattime != null" >
        creatTime,
      </if>
      <if test="content != null" >
        content,
      </if>
    </trim>
    <trim prefix="values (" suffix=")" suffixOverrides="," >
      <if test="id != null" >
        #{id,jdbcType=INTEGER},
      </if>
      <if test="pid != null" >
        #{pid,jdbcType=INTEGER},
      </if>
      <if test="imgurl != null" >
        #{imgurl,jdbcType=VARCHAR},
      </if>
      <if test="title != null" >
        #{title,jdbcType=VARCHAR},
      </if>
      <if test="tourl != null" >
        #{tourl,jdbcType=VARCHAR},
      </if>
      <if test="weight != null" >
        #{weight,jdbcType=INTEGER},
      </if>
      <if test="isbanner != null" >
        #{isbanner,jdbcType=BIT},
      </if>
      <if test="updattime != null" >
        #{updattime,jdbcType=TIMESTAMP},
      </if>
      <if test="creattime != null" >
        #{creattime,jdbcType=TIMESTAMP},
      </if>
      <if test="content != null" >
        #{content,jdbcType=LONGVARCHAR},
      </if>
    </trim>
  </insert>
  <select id="countByExample" parameterType="com.ht.weichat.pojo.TbArticleExample" resultType="java.lang.Integer" >
    select count(*) from tb_article
    <if test="_parameter != null" >
      <include refid="Example_Where_Clause" />
    </if>
  </select>
  <update id="updateByExampleSelective" parameterType="map" >
    update tb_article
    <set >
      <if test="record.id != null" >
        id = #{record.id,jdbcType=INTEGER},
      </if>
      <if test="record.pid != null" >
        pid = #{record.pid,jdbcType=INTEGER},
      </if>
      <if test="record.imgurl != null" >
        imgUrl = #{record.imgurl,jdbcType=VARCHAR},
      </if>
      <if test="record.title != null" >
        title = #{record.title,jdbcType=VARCHAR},
      </if>
      <if test="record.tourl != null" >
        toUrl = #{record.tourl,jdbcType=VARCHAR},
      </if>
      <if test="record.weight != null" >
        weight = #{record.weight,jdbcType=INTEGER},
      </if>
      <if test="record.isbanner != null" >
        isBanner = #{record.isbanner,jdbcType=BIT},
      </if>
      <if test="record.updattime != null" >
        updatTime = #{record.updattime,jdbcType=TIMESTAMP},
      </if>
      <if test="record.creattime != null" >
        creatTime = #{record.creattime,jdbcType=TIMESTAMP},
      </if>
      <if test="record.content != null" >
        content = #{record.content,jdbcType=LONGVARCHAR},
      </if>
    </set>
    <if test="_parameter != null" >
      <include refid="Update_By_Example_Where_Clause" />
    </if>
  </update>
  <update id="updateByExampleWithBLOBs" parameterType="map" >
    update tb_article
    set id = #{record.id,jdbcType=INTEGER},
      pid = #{record.pid,jdbcType=INTEGER},
      imgUrl = #{record.imgurl,jdbcType=VARCHAR},
      title = #{record.title,jdbcType=VARCHAR},
      toUrl = #{record.tourl,jdbcType=VARCHAR},
      weight = #{record.weight,jdbcType=INTEGER},
      isBanner = #{record.isbanner,jdbcType=BIT},
      updatTime = #{record.updattime,jdbcType=TIMESTAMP},
      creatTime = #{record.creattime,jdbcType=TIMESTAMP},
      content = #{record.content,jdbcType=LONGVARCHAR}
    <if test="_parameter != null" >
      <include refid="Update_By_Example_Where_Clause" />
    </if>
  </update>
  <update id="updateByExample" parameterType="map" >
    update tb_article
    set id = #{record.id,jdbcType=INTEGER},
      pid = #{record.pid,jdbcType=INTEGER},
      imgUrl = #{record.imgurl,jdbcType=VARCHAR},
      title = #{record.title,jdbcType=VARCHAR},
      toUrl = #{record.tourl,jdbcType=VARCHAR},
      weight = #{record.weight,jdbcType=INTEGER},
      isBanner = #{record.isbanner,jdbcType=BIT},
      updatTime = #{record.updattime,jdbcType=TIMESTAMP},
      creatTime = #{record.creattime,jdbcType=TIMESTAMP}
    <if test="_parameter != null" >
      <include refid="Update_By_Example_Where_Clause" />
    </if>
  </update>
  <update id="updateByPrimaryKeySelective" parameterType="com.ht.weichat.pojo.TbArticle" >
    update tb_article
    <set >
      <if test="pid != null" >
        pid = #{pid,jdbcType=INTEGER},
      </if>
      <if test="imgurl != null" >
        imgUrl = #{imgurl,jdbcType=VARCHAR},
      </if>
      <if test="title != null" >
        title = #{title,jdbcType=VARCHAR},
      </if>
      <if test="tourl != null" >
        toUrl = #{tourl,jdbcType=VARCHAR},
      </if>
      <if test="weight != null" >
        weight = #{weight,jdbcType=INTEGER},
      </if>
      <if test="isbanner != null" >
        isBanner = #{isbanner,jdbcType=BIT},
      </if>
      <if test="updattime != null" >
        updatTime = #{updattime,jdbcType=TIMESTAMP},
      </if>
      <if test="creattime != null" >
        creatTime = #{creattime,jdbcType=TIMESTAMP},
      </if>
      <if test="content != null" >
        content = #{content,jdbcType=LONGVARCHAR},
      </if>
    </set>
    where id = #{id,jdbcType=INTEGER}
  </update>
  <update id="updateByPrimaryKeyWithBLOBs" parameterType="com.ht.weichat.pojo.TbArticle" >
    update tb_article
    set pid = #{pid,jdbcType=INTEGER},
      imgUrl = #{imgurl,jdbcType=VARCHAR},
      title = #{title,jdbcType=VARCHAR},
      toUrl = #{tourl,jdbcType=VARCHAR},
      weight = #{weight,jdbcType=INTEGER},
      isBanner = #{isbanner,jdbcType=BIT},
      updatTime = #{updattime,jdbcType=TIMESTAMP},
      creatTime = #{creattime,jdbcType=TIMESTAMP},
      content = #{content,jdbcType=LONGVARCHAR}
    where id = #{id,jdbcType=INTEGER}
  </update>
  <update id="updateByPrimaryKey" parameterType="com.ht.weichat.pojo.TbArticle" >
    update tb_article
    set pid = #{pid,jdbcType=INTEGER},
      imgUrl = #{imgurl,jdbcType=VARCHAR},
      title = #{title,jdbcType=VARCHAR},
      toUrl = #{tourl,jdbcType=VARCHAR},
      weight = #{weight,jdbcType=INTEGER},
      isBanner = #{isbanner,jdbcType=BIT},
      updatTime = #{updattime,jdbcType=TIMESTAMP},
      creatTime = #{creattime,jdbcType=TIMESTAMP}
    where id = #{id,jdbcType=INTEGER}
  </update>

    <select id="listApi" resultMap="BaseResultMap" parameterType="map" >
        select * from tb_article
        where pid = #{id} and isBanner=0 ORDER BY updatTime DESC LIMIT #{start}, #{end}
    </select>
</mapper>