<?xml version="1.0" encoding="UTF-8" ?>
<!DOCTYPE mapper PUBLIC "-//mybatis.org//DTD Mapper 3.0//EN" "http://mybatis.org/dtd/mybatis-3-mapper.dtd" >
<mapper namespace="com.ht.weichat.mapper.TbTypeMapper" >
  <resultMap id="BaseResultMap" type="com.ht.weichat.pojo.TbType" >
    <id column="id" property="id" jdbcType="INTEGER" />
    <result column="title" property="title" jdbcType="VARCHAR" />
    <result column="weight" property="weight" jdbcType="VARCHAR" />
    <result column="updatTime" property="updattime" jdbcType="TIMESTAMP" />
    <result column="creatTime" property="creattime" jdbcType="TIMESTAMP" />
  </resultMap>
  <sql id="Example_Where_Clause" >
    <where >
      <foreach collection="oredCriteria" item="criteria" separator="or" >
        <if test="criteria.valid" >
          <trim prefix="(" suffix=")" prefixOverrides="and" >
            <foreach collection="criteria.criteria" item="criterion" >
              <choose >
                <when test="criterion.noValue" >
                  and ${criterion.condition}
                </when>
                <when test="criterion.singleValue" >
                  and ${criterion.condition} #{criterion.value}
                </when>
                <when test="criterion.betweenValue" >
                  and ${criterion.condition} #{criterion.value} and #{criterion.secondValue}
                </when>
                <when test="criterion.listValue" >
                  and ${criterion.condition}
                  <foreach collection="criterion.value" item="listItem" open="(" close=")" separator="," >
                    #{listItem}
                  </foreach>
                </when>
              </choose>
            </foreach>
          </trim>
        </if>
      </foreach>
    </where>
  </sql>
  <sql id="Update_By_Example_Where_Clause" >
    <where >
      <foreach collection="example.oredCriteria" item="criteria" separator="or" >
        <if test="criteria.valid" >
          <trim prefix="(" suffix=")" prefixOverrides="and" >
            <foreach collection="criteria.criteria" item="criterion" >
              <choose >
                <when test="criterion.noValue" >
                  and ${criterion.condition}
                </when>
                <when test="criterion.singleValue" >
                  and ${criterion.condition} #{criterion.value}
                </when>
                <when test="criterion.betweenValue" >
                  and ${criterion.condition} #{criterion.value} and #{criterion.secondValue}
                </when>
                <when test="criterion.listValue" >
                  and ${criterion.condition}
                  <foreach collection="criterion.value" item="listItem" open="(" close=")" separator="," >
                    #{listItem}
                  </foreach>
                </when>
              </choose>
            </foreach>
          </trim>
        </if>
      </foreach>
    </where>
  </sql>
  <sql id="Base_Column_List" >
    id, title, weight, updatTime, creatTime
  </sql>
  <select id="selectByExample" resultMap="BaseResultMap" parameterType="com.ht.weichat.pojo.TbTypeExample" >
    select
    <if test="distinct" >
      distinct
    </if>
    <include refid="Base_Column_List" />
    from tb_type
    <if test="_parameter != null" >
      <include refid="Example_Where_Clause" />
    </if>
    <if test="orderByClause != null" >
      order by ${orderByClause}
    </if>
  </select>
  <select id="selectByPrimaryKey" resultMap="BaseResultMap" parameterType="java.lang.Integer" >
    select 
    <include refid="Base_Column_List" />
    from tb_type
    where id = #{id,jdbcType=INTEGER}
  </select>
  <delete id="deleteByPrimaryKey" parameterType="java.lang.Integer" >
    delete from tb_type
    where id = #{id,jdbcType=INTEGER}
  </delete>
  <delete id="deleteByExample" parameterType="com.ht.weichat.pojo.TbTypeExample" >
    delete from tb_type
    <if test="_parameter != null" >
      <include refid="Example_Where_Clause" />
    </if>
  </delete>
  <insert id="insert" parameterType="com.ht.weichat.pojo.TbType" >
    insert into tb_type (id, title, weight, 
      updatTime, creatTime)
    values (#{id,jdbcType=INTEGER}, #{title,jdbcType=VARCHAR}, #{weight,jdbcType=VARCHAR}, 
      #{updattime,jdbcType=TIMESTAMP}, #{creattime,jdbcType=TIMESTAMP})
  </insert>
  <insert id="insertSelective" parameterType="com.ht.weichat.pojo.TbType" >
    insert into tb_type
    <trim prefix="(" suffix=")" suffixOverrides="," >
      <if test="id != null" >
        id,
      </if>
      <if test="title != null" >
        title,
      </if>
      <if test="weight != null" >
        weight,
      </if>
      <if test="updattime != null" >
        updatTime,
      </if>
      <if test="creattime != null" >
        creatTime,
      </if>
    </trim>
    <trim prefix="values (" suffix=")" suffixOverrides="," >
      <if test="id != null" >
        #{id,jdbcType=INTEGER},
      </if>
      <if test="title != null" >
        #{title,jdbcType=VARCHAR},
      </if>
      <if test="weight != null" >
        #{weight,jdbcType=VARCHAR},
      </if>
      <if test="updattime != null" >
        #{updattime,jdbcType=TIMESTAMP},
      </if>
      <if test="creattime != null" >
        #{creattime,jdbcType=TIMESTAMP},
      </if>
    </trim>
  </insert>
  <select id="countByExample" parameterType="com.ht.weichat.pojo.TbTypeExample" resultType="java.lang.Integer" >
    select count(*) from tb_type
    <if test="_parameter != null" >
      <include refid="Example_Where_Clause" />
    </if>
  </select>
  <update id="updateByExampleSelective" parameterType="map" >
    update tb_type
    <set >
      <if test="record.id != null" >
        id = #{record.id,jdbcType=INTEGER},
      </if>
      <if test="record.title != null" >
        title = #{record.title,jdbcType=VARCHAR},
      </if>
      <if test="record.weight != null" >
        weight = #{record.weight,jdbcType=VARCHAR},
      </if>
      <if test="record.updattime != null" >
        updatTime = #{record.updattime,jdbcType=TIMESTAMP},
      </if>
      <if test="record.creattime != null" >
        creatTime = #{record.creattime,jdbcType=TIMESTAMP},
      </if>
    </set>
    <if test="_parameter != null" >
      <include refid="Update_By_Example_Where_Clause" />
    </if>
  </update>
  <update id="updateByExample" parameterType="map" >
    update tb_type
    set id = #{record.id,jdbcType=INTEGER},
      title = #{record.title,jdbcType=VARCHAR},
      weight = #{record.weight,jdbcType=VARCHAR},
      updatTime = #{record.updattime,jdbcType=TIMESTAMP},
      creatTime = #{record.creattime,jdbcType=TIMESTAMP}
    <if test="_parameter != null" >
      <include refid="Update_By_Example_Where_Clause" />
    </if>
  </update>
  <update id="updateByPrimaryKeySelective" parameterType="com.ht.weichat.pojo.TbType" >
    update tb_type
    <set >
      <if test="title != null" >
        title = #{title,jdbcType=VARCHAR},
      </if>
      <if test="weight != null" >
        weight = #{weight,jdbcType=VARCHAR},
      </if>
      <if test="updattime != null" >
        updatTime = #{updattime,jdbcType=TIMESTAMP},
      </if>
      <if test="creattime != null" >
        creatTime = #{creattime,jdbcType=TIMESTAMP},
      </if>
    </set>
    where id = #{id,jdbcType=INTEGER}
  </update>
  <update id="updateByPrimaryKey" parameterType="com.ht.weichat.pojo.TbType" >
    update tb_type
    set title = #{title,jdbcType=VARCHAR},
      weight = #{weight,jdbcType=VARCHAR},
      updatTime = #{updattime,jdbcType=TIMESTAMP},
      creatTime = #{creattime,jdbcType=TIMESTAMP}
    where id = #{id,jdbcType=INTEGER}
  </update>
</mapper>