authData,userInfo,emailVerified,mobilePhoneNumber,mobilePhoneNumberVerified,isAdmin,username,email
"{""weapp"":{""expires_in"":7200,""openid"":""ox-0I0VkzCYSFllCNgVWQ4PffMM0"",""session_key"":""4KDOuxveToz4WXA8JooX2w==""}}","{""avatar"":""https://wx.qlogo.cn/mmopen/vi_32/DYAIOgq83eppdzFnpQ6vvtWnibWlt0GNyU1giaHia56IIGe9tdcwqvgSy1TFdkOkaCiaib4odWWicTcbR5ffNrwmhlRQ/0"",""nickname"":""黄秀杰""}",,,,true,bb809e97975cf271,
"{""weapp"":{""expires_in"":7200,""openid"":""ox-0I0YsSvQa_CCpp4r80aO93Q8A"",""session_key"":""QiItj47VYug0XTzuOf/W5A==""}}","{""avatar"":""https://wx.qlogo.cn/mmopen/vi_32/njwaSUP5DiaYkkr9ianncAts9nibPdWgAfqvXu8gSC6Iw5UsEndMRIS763SC7XL8WYXtKedXyicJOP3OOTmao0coRQ/0"",""nickname"":""秀杰""}",,,,false,df9716f85d58771b,
"{""weapp"":{""expires_in"":7200,""openid"":""ox-0I0Ta7WJZzYdGzYRH-shHGtPc"",""session_key"":""E6AvZvToBozTbnvLv8L0AA==""}}","{""avatar"":""https://wx.qlogo.cn/mmopen/vi_32/Q0j4TwGTfTJ25iaO2lTHibMbw5p8deWzC5EdgdP2Nzd5ZY6R8bMU7mZTf3wHau2cvibaZQEbVTbaGRv5oczbWp1Fg/0"",""nickname"":""应乐""}",,,,false,4ae0fd26f1e9a618,
"{""weapp"":{""expires_in"":7200,""openid"":""ox-0I0RmUHYlgi-26eZQdWy4y0vY"",""session_key"":""DPymzdGrt1fb6nk1GCELOQ==""}}","{""avatar"":""https://wx.qlogo.cn/mmopen/vi_32/DYAIOgq83erTlRJ6skf7ia0KHZdyICIpsibaacrb2pPUH6SVqS4K0odXvYyBmrMVZHj4OokicgcEl4QQuTVb9twvg/0"",""nickname"":""随心""}",,,,false,a34f26c42fd75d1e,
