{
    "pages": [
        "page/four/index",
        "page/three/index",
        "page/two/index",
        "page/one/index"
    ],
    "window": {
        "navigationBarTextStyle": "black",
        "navigationBarTitleText": "轻客",
        "navigationBarBackgroundColor": "white",
        "backgroundColor": "white",
        "enablePullDownRefresh": false
    },
    "networkTimeout": {
        "request": 10000,
        "connectSocket": 10000,
        "uploadFile": 10000,
        "downloadFile": 10000
    },
    "debug": true
}